arm,position,state,action,valid_sample_count,mbon05_max_voltage_mv,readout_time_us
baseline,0.0,no_action,0,12,0.010419457934683173,500000
baseline,0.05,no_action,0,25,0.012549958707769437,488000
baseline,0.1,no_action,0,25,0.011822665074147441,463000
baseline,0.15,no_action,0,25,0.009399617769019781,438000
baseline,0.2,no_action,0,25,0.009616663399180946,413000
baseline,0.25,no_action,0,25,0.010009679928209439,388000
baseline,0.3,no_action,0,25,0.00904400959687004,363000
baseline,0.35,no_action,0,25,0.011683158505311193,338000
baseline,0.4,no_action,0,25,0.011378498315104487,313000
baseline,0.45,no_action,0,25,0.011954121299388486,288000
baseline,0.5,no_action,0,25,0.012081337785157064,263000
baseline,0.55,no_action,0,25,0.01090144778725113,238000
baseline,0.6,no_action,0,25,0.010411471944431936,213000
baseline,0.65,no_action,0,25,0.010877795296017533,188000
baseline,0.7,no_action,0,25,0.011887299719796577,163000
baseline,0.75,no_action,0,25,0.012383629761059068,138000
baseline,0.8,no_action,0,25,0.012560271403014864,113000
baseline,0.85,no_action,0,25,0.012072455910348254,88000
baseline,0.9,no_action,0,20,0.010974178135705606,63000
baseline,0.95,disabled_until_mbon05_response,,0,,
baseline,1.0,disabled_until_mbon05_response,,0,,
target,0.0,no_action,0,12,0.010419456851901019,500000
target,0.05,no_action,0,25,0.01254995663365601,488000
target,0.1,no_action,0,25,0.011822660221454498,463000
target,0.15,no_action,0,25,0.00939959250114553,438000
target,0.2,no_action,0,25,0.009616609907090736,413000
target,0.25,no_action,0,25,0.010009427901821397,388000
target,0.3,no_action,0,25,0.009042051880811561,363000
target,0.35,no_action,0,25,0.011679930777203605,338000
target,0.4,no_action,0,25,0.011371314874095638,313000
target,0.45,no_action,0,25,0.011874936972372402,288000
target,0.5,no_action,0,25,0.011921880280184292,263000
target,0.55,no_action,0,25,0.010071278827451936,238000
target,0.6,no_action,0,25,0.008501781578243118,213000
target,0.65,no_action,0,25,0.0059324945272704955,188000
target,0.7,no_action,0,25,0.007280765012637098,163000
target,0.75,no_action,0,25,0.012383629761059068,138000
target,0.8,no_action,0,25,0.012560271403014864,113000
target,0.85,no_action,0,25,0.012072455910348254,88000
target,0.9,no_action,0,20,0.010974178135705606,63000
target,0.95,disabled_until_mbon05_response,,0,,
target,1.0,disabled_until_mbon05_response,,0,,
wrong,0.0,no_action,0,12,0.010227700015615545,500000
wrong,0.05,no_action,0,25,0.012176923332765838,488000
wrong,0.1,no_action,0,25,0.01095006630457676,463000
wrong,0.15,no_action,0,25,0.005826128420061464,438000
wrong,0.2,action,1,25,0.004040827635331568,413000
wrong,0.25,no_action,0,25,0.006910136776544999,388000
wrong,0.3,no_action,0,25,0.00904400959687004,363000
wrong,0.35,no_action,0,25,0.011683158505311193,338000
wrong,0.4,no_action,0,25,0.011378498315104487,313000
wrong,0.45,no_action,0,25,0.011954121299388486,288000
wrong,0.5,no_action,0,25,0.012081337785157064,263000
wrong,0.55,no_action,0,25,0.01090144778725113,238000
wrong,0.6,no_action,0,25,0.010411471944431936,213000
wrong,0.65,no_action,0,25,0.010877795296017533,188000
wrong,0.7,no_action,0,25,0.011887299719796577,163000
wrong,0.75,no_action,0,25,0.012383629761059068,138000
wrong,0.8,no_action,0,25,0.012560271403014864,113000
wrong,0.85,no_action,0,25,0.012072455910348254,88000
wrong,0.9,no_action,0,20,0.010974178135705606,63000
wrong,0.95,disabled_until_mbon05_response,,0,,
wrong,1.0,disabled_until_mbon05_response,,0,,
plasticity_off,0.0,no_action,0,12,0.010419457934683173,500000
plasticity_off,0.05,no_action,0,25,0.012549958707769437,488000
plasticity_off,0.1,no_action,0,25,0.011822665074147441,463000
plasticity_off,0.15,no_action,0,25,0.009399617769019781,438000
plasticity_off,0.2,no_action,0,25,0.009616663399180946,413000
plasticity_off,0.25,no_action,0,25,0.010009679928209439,388000
plasticity_off,0.3,no_action,0,25,0.00904400959687004,363000
plasticity_off,0.35,no_action,0,25,0.011683158505311193,338000
plasticity_off,0.4,no_action,0,25,0.011378498315104487,313000
plasticity_off,0.45,no_action,0,25,0.011954121299388486,288000
plasticity_off,0.5,no_action,0,25,0.012081337785157064,263000
plasticity_off,0.55,no_action,0,25,0.01090144778725113,238000
plasticity_off,0.6,no_action,0,25,0.010411471944431936,213000
plasticity_off,0.65,no_action,0,25,0.010877795296017533,188000
plasticity_off,0.7,no_action,0,25,0.011887299719796577,163000
plasticity_off,0.75,no_action,0,25,0.012383629761059068,138000
plasticity_off,0.8,no_action,0,25,0.012560271403014864,113000
plasticity_off,0.85,no_action,0,25,0.012072455910348254,88000
plasticity_off,0.9,no_action,0,20,0.010974178135705606,63000
plasticity_off,0.95,disabled_until_mbon05_response,,0,,
plasticity_off,1.0,disabled_until_mbon05_response,,0,,
