local_path,bytes,sha256
docs/figures/a10_signed_first_action_credit_gate/372_historical_legacy_update_checkpoint.pkl,8259458,fe21711bbd8fb187ef0528eb88b1022666e81b0daec1a724d97d91f088474cb6
docs/figures/a10_signed_first_action_credit_gate/372_locked_a10_update_checkpoint.pkl,8259458,2f1c92d41e6b48ee8c5b07e9fdd1ca73d002165df9ab071cfa53310da53fe34e
docs/figures/a10_signed_first_action_credit_gate/372_no_update_checkpoint.pkl,8259458,0f8055b180e3a8d1d85a66493cbe383494da0f745276a61a1abd944f90ecb11d
docs/figures/a10_signed_first_action_credit_gate/373_historical_legacy_update_checkpoint.pkl,8289200,0c42dcdbd794e1d27bd6374715e4814219829a5e3838c5bd0f462c95843e36ed
docs/figures/a10_signed_first_action_credit_gate/373_locked_a10_update_checkpoint.pkl,8289200,9e2436c78398749a27209bc485dd71dbf51cbe8ad1d183993a8a9c8111b23900
docs/figures/a10_signed_first_action_credit_gate/373_no_update_checkpoint.pkl,8289200,291130f7874829e30d14292b2bf9b313f7daad243fb9f8ea1293c5c9f21ebb71
docs/figures/a10_signed_first_action_credit_gate/377_historical_legacy_update_checkpoint.pkl,8373324,09c0cadaaa69e8c7b93cb890b88bd8b1680eb91489ea10cd0aa60cf2c6403ba5
docs/figures/a10_signed_first_action_credit_gate/377_locked_a10_update_checkpoint.pkl,8373324,8f1140121b4e69474ef6ddafddbfc31475b624014ded2e65607dc3dc3fffd128
docs/figures/a10_signed_first_action_credit_gate/377_no_update_checkpoint.pkl,8373324,ad1697b8e3a9859b00816a7f3f7f2e41f0f8812bc3f1992df9753c1859dc1bac
docs/figures/a10_signed_first_action_credit_gate/result.json,5531502,185d23f5a1d9db7c2d38c0f7a5e9050bcac697516b7829764397e6eacf31c28a
docs/figures/a11_1_threshold_margin_identifiability/locked_signed_inverse_post_intervention_checkpoint.pkl,8288181,7364014259c727888c8b163a2d38848b04ddb868096809c1f6be1ed47b85fb19
docs/figures/a11_1_threshold_margin_identifiability/locked_signed_post_intervention_checkpoint.pkl,8288555,59f58587ed13aae2671d9b3fa77bd5e75ad446078ae52d2d7c369a202787bebf
docs/figures/a11_1_threshold_margin_identifiability/no_pulse_reference_post_intervention_checkpoint.pkl,8288079,1c31d63afca02c8efb46465b20fe680d8d0ec0141b01f254de8d23a76164d565
docs/figures/a11_1_threshold_margin_identifiability/pre_intervention_checkpoint.pkl,8287829,e9be729df55a6c926dcaedb96c22b3cfd5c36ee20897545186655a71466cf3e8
docs/figures/a11_1_threshold_margin_identifiability/shared_positive_control_post_intervention_checkpoint.pkl,8288827,1c5baae2b138b291df69255642080c838ac3904a0eda33d27f619eb375013e0b
docs/figures/a11_2_bidirectional_headroom_gate/locked_signed_inverse_post_intervention_checkpoint.pkl,8288277,ee09b13754d28d4c799ed911b1ef52a5959762aa229f5a0ef8e4b75e3c96e727
docs/figures/a11_2_bidirectional_headroom_gate/locked_signed_post_intervention_checkpoint.pkl,8288651,fe3b4c70b4743160bf1258701242b04bd22593521d85b6afc6e5c9fbe1a8c534
docs/figures/a11_2_bidirectional_headroom_gate/no_pulse_reference_post_intervention_checkpoint.pkl,8287929,09575d7cc01f82eb79d977885a8fede2f1f68df385c3ec16cc1c2b663c3c3614
docs/figures/a11_2_bidirectional_headroom_gate/pre_intervention_checkpoint.pkl,8288101,8e2225a443527bbdeb31b6e486da7482802807df80c287264787972e50861925
docs/figures/a11_signed_perturbation_information_gate/historical_shared_positive_post_pulse_checkpoint.pkl,8288868,fd50f753f19c3c2764fa8294552c1258ec226f0678cbe76d853300116f55b4f8
docs/figures/a11_signed_perturbation_information_gate/locked_signed_inverse_post_pulse_checkpoint.pkl,8288120,acc5fc90e3123e5bbb0eca8f42939e19d3bd88cdd2a623032f06507347f49145
docs/figures/a11_signed_perturbation_information_gate/locked_signed_post_pulse_checkpoint.pkl,8288528,3589c06a2619c32220b3bbdf0b418945c5a94b554002c9a4d5d5c8f6f750e569
docs/figures/a11_signed_perturbation_information_gate/no_pulse_post_pulse_checkpoint.pkl,8287701,c88f8f70f101cd1bdbe23cfe2d083008426d3bd27f00469368f2251ae015a536
docs/figures/a11_signed_perturbation_information_gate/pre_pulse_checkpoint.pkl,8287694,8547da6a7b5dab61c90fb20fe8198c410cc08b856dae3417f59ab2c34dd4d1b3
docs/figures/a2_mvp_coupled/fresh_frozen_ledger.json,4772001,716d58325cd7c6c454b19b0bffb25c39f9908fd06aa51e912ce67827d92edbb0
docs/figures/a2_mvp_coupled/restored_ledger.json,5579459,6444c264d17c65896f5e6d5692fe09f52e9855d99604399b4eb3c08244a77434
docs/figures/a2_mvp_coupled/uninterrupted_ledger.json,5579459,6444c264d17c65896f5e6d5692fe09f52e9855d99604399b4eb3c08244a77434
docs/figures/a4_matched_controls/baseline_short_ledger.json,1210685,ea2411ad0204f276ba9a3be5e85be006e292982f819d27e70aa0abb67b6801bd
docs/figures/a4_matched_controls/condition_manifest.json,3613,cfabae47b45a8b88a202c0b6f068a5d6cc7b0123f26768eafdd6d80a00511fd8
docs/figures/a4_matched_controls/dan_disabled_short_ledger.json,368683,92e115dcbff5de7901d2221e26e9f101ade59eacdcd3ca457278cdb1771813dd
docs/figures/a4_matched_controls/eligibility_disabled_short_ledger.json,189580,b33db9aa2f49f6ffa7981b0be210867dfdb960596007c4c1deba6cf00b43d8b1
docs/figures/a4_matched_controls/plasticity_off_short_ledger.json,189592,aa80f1c9ac4cadfa894f49347e38a345950d12250025964ce7c50dd5b0715ce2
docs/figures/a4_matched_controls/wrong_note_next_cue_ledger.json,6005993,cf495f4f40bab309d53fe0da4c5aebb13bfabf2e33db9ca2a61f0d43d50ab2e2
docs/figures/a4_matched_controls/wrong_note_short_ledger.json,368466,464b78ecbb4d6e58cb19d22b22643ed965efd00dcc1adc504c7e88f72879084d
docs/figures/a4_matched_controls_v2/baseline_short_ledger.json,1210685,ea2411ad0204f276ba9a3be5e85be006e292982f819d27e70aa0abb67b6801bd
docs/figures/a4_matched_controls_v2/condition_manifest.json,3616,03542d5a208044a794bff8afe27633d31058270c5e7f62b2062129690772d4c8
docs/figures/a4_matched_controls_v2/dan_disabled_short_ledger.json,368683,92e115dcbff5de7901d2221e26e9f101ade59eacdcd3ca457278cdb1771813dd
docs/figures/a4_matched_controls_v2/eligibility_disabled_short_ledger.json,189580,b33db9aa2f49f6ffa7981b0be210867dfdb960596007c4c1deba6cf00b43d8b1
docs/figures/a4_matched_controls_v2/plasticity_off_short_ledger.json,189592,aa80f1c9ac4cadfa894f49347e38a345950d12250025964ce7c50dd5b0715ce2
docs/figures/a4_matched_controls_v2/wrong_note_next_cue_ledger.json,6005993,cf495f4f40bab309d53fe0da4c5aebb13bfabf2e33db9ca2a61f0d43d50ab2e2
docs/figures/a4_matched_controls_v2/wrong_note_short_ledger.json,368466,464b78ecbb4d6e58cb19d22b22643ed965efd00dcc1adc504c7e88f72879084d
docs/figures/a5_cross_state/fixture-11_early_captured_selected_policy_ledger.json,295701,b3dac40512f3d02b517d01ff7543e03b02eb444f17574a5b411fd69f2c74382d
docs/figures/a5_cross_state/fixture-11_early_initial_selected_policy_ledger.json,295701,b3dac40512f3d02b517d01ff7543e03b02eb444f17574a5b411fd69f2c74382d
docs/figures/a5_cross_state/fixture-11_late_captured_selected_policy_ledger.json,295701,b3dac40512f3d02b517d01ff7543e03b02eb444f17574a5b411fd69f2c74382d
docs/figures/a5_cross_state/fixture-11_late_initial_selected_policy_ledger.json,295701,b3dac40512f3d02b517d01ff7543e03b02eb444f17574a5b411fd69f2c74382d
docs/figures/a5_cross_state/fixture-11_middle_captured_selected_policy_ledger.json,295701,b3dac40512f3d02b517d01ff7543e03b02eb444f17574a5b411fd69f2c74382d
docs/figures/a5_cross_state/fixture-11_middle_initial_selected_policy_ledger.json,295701,b3dac40512f3d02b517d01ff7543e03b02eb444f17574a5b411fd69f2c74382d
docs/figures/a5_cross_state/fixture-12_early_captured_selected_policy_ledger.json,295701,b3dac40512f3d02b517d01ff7543e03b02eb444f17574a5b411fd69f2c74382d
docs/figures/a5_cross_state/fixture-12_early_initial_selected_policy_ledger.json,295701,b3dac40512f3d02b517d01ff7543e03b02eb444f17574a5b411fd69f2c74382d
docs/figures/a5_cross_state/fixture-12_late_captured_selected_policy_ledger.json,295701,b3dac40512f3d02b517d01ff7543e03b02eb444f17574a5b411fd69f2c74382d
docs/figures/a5_cross_state/fixture-12_late_initial_selected_policy_ledger.json,295701,b3dac40512f3d02b517d01ff7543e03b02eb444f17574a5b411fd69f2c74382d
docs/figures/a5_cross_state/fixture-12_middle_captured_selected_policy_ledger.json,295701,b3dac40512f3d02b517d01ff7543e03b02eb444f17574a5b411fd69f2c74382d
docs/figures/a5_cross_state/fixture-12_middle_initial_selected_policy_ledger.json,295701,b3dac40512f3d02b517d01ff7543e03b02eb444f17574a5b411fd69f2c74382d
docs/figures/a8_2_first_action_local_direction/first_action_candidate_5_percent_checkpoint.pkl,8289200,e64125212980346f588167edd6f8724c14699a6169ce6f6eff24b955e66bd01d
docs/figures/a8_2_first_action_local_direction/first_action_candidate_full_checkpoint.pkl,8289200,517a33c769a62856dd6ffff922f318ba9b30b1e0f85ce681e43465782b524461
docs/figures/a8_2_first_action_local_direction/first_down_checkpoint.pkl,8288868,43187aaeb0e6b6245f59e32876fb7afd4fde4dff01359455926571a6fde75a1f
docs/figures/a8_2_first_action_local_direction/historical_real_full_checkpoint.pkl,8289200,dd59d5cc292d8c09fa8d56a09df12c9a51b7bd362fae65ebadbe4f4d12fdc526
docs/figures/a8_2_first_action_local_direction/no_update_checkpoint.pkl,8289200,10c26391902059f2049d7906128dc5ab3525d52d47bd81fcdfdfc1d062a30c61
docs/figures/a8_2_first_action_local_direction/result.json,2619230,f6d53646f3d6af5b231e92cb660bdca75e93026ef007a75bd3ead1e69de88dd7
docs/figures/a8_3_far_cue_component/far_cue_only_checkpoint.pkl,8289200,d1f943f43436ad91947552ddda344f62e1475e4471f4659101d04405234ad44e
docs/figures/a9_timing_controllability_witness/witness_checkpoint.pkl,8289200,314cfb8c95a2dde06c45a41aa6c4a182b365685c41c87587a2a102db5035a0c7
docs/figures/b1_mvp_pathway_rule_selection/budget_ledger.json,547,36cd9f88123ada531a4f2f39398208198b754edeace11f17308ca9baff2affcd
docs/figures/b1_mvp_pathway_rule_selection/selected_anatomy.json,5869334,43fe860d8d151b2e0527c60623fc4d0428bef2fbc7660e1be7b6aefe6029c3e4
docs/figures/b2_1_candidate1_dynamics/budget_ledger.json,559,4c707b4e64adffea192a4cef7792a12c5d47db709121f1b5bea2388920ebbdbd
docs/figures/b2_candidate_design/budget_ledger.json,585,1d08cd6b0954c5441301d6c9752a2e25b9c3b29d33939eb8ba1a60329999fd1c
docs/figures/b3_1_mbon05_input_transfer/apl_to_mbon05_off_ledger.json,3036288,88ecd4d2276f530355ab5e2438043a8ca4c7a88976ca3159f46ac72b1da10f55
docs/figures/b3_1_mbon05_input_transfer/baseline_ledger.json,3036288,88ecd4d2276f530355ab5e2438043a8ca4c7a88976ca3159f46ac72b1da10f55
docs/figures/b3_controllability/seed_31001_nominal_weight_0.5_ledger.json,3036711,71987bc12b03c557e0c9d5c6edea9a8a5056945e2a35b595ba8c688917227256
docs/figures/b3_controllability_v2/pairing_records.json,2485202,49dbe87cd0b6b8131a134aa223c98f68797a5cb5a20f57af59be2e7a1abd334b
docs/figures/b3_controllability_v2/seed_31001_high_weight_0.5_ledger.json,2566238,f590ebb217ed8f9930e0392af01264867609a6d0dc493639245464f408824938
docs/figures/b3_controllability_v2/seed_31001_high_weight_1.0_ledger.json,2565875,9d7480d78656c76f3bd1ee4c816c5f6e971fbb91a9d58850a6d5ced3342c32e1
docs/figures/b3_controllability_v2/seed_31001_high_weight_1.5_ledger.json,2562965,e50b341172c3776cf43e3ffc62e8b1eeb3e82ff836eb8a0dbf0a3dc00718775e
docs/figures/b3_controllability_v2/seed_31001_low_weight_0.5_ledger.json,3022975,80cf8c36a5d973446a788cdf05997ed6a5754a0c41f9ad3de7a77908a0eab16d
docs/figures/b3_controllability_v2/seed_31001_low_weight_1.0_ledger.json,3022552,166eb086fa308ef13adb413c2d24324495592b307b1569ee236b4d97f50485c4
docs/figures/b3_controllability_v2/seed_31001_low_weight_1.5_ledger.json,3019062,81a35f9fc81463ef9dba1324b83ca674e259fa7881119d47e8b54ec84f7bde17
docs/figures/b3_controllability_v2/seed_31001_nominal_background_only_ledger.json,161312,1e710777f5d4e879bce08da3cbdfb9969c8090ac64af9c19662c5e536fa90329
docs/figures/b3_controllability_v2/seed_31001_nominal_bypass_off_ledger.json,2961861,6154474019e6cffe198024b2cfbb636b8cacaacc45f1c5a203cd838a29360688
docs/figures/b3_controllability_v2/seed_31001_nominal_mbon05_output_off_ledger.json,3036288,88ecd4d2276f530355ab5e2438043a8ca4c7a88976ca3159f46ac72b1da10f55
docs/figures/b3_controllability_v2/seed_31001_nominal_selected_output_off_ledger.json,3032587,3d0350f7c815bb015b81a3ae241f5a49d180d82993dde1ecc151914e706c52f2
docs/figures/b3_controllability_v2/seed_31001_nominal_weight_0.5_ledger.json,3036711,71987bc12b03c557e0c9d5c6edea9a8a5056945e2a35b595ba8c688917227256
docs/figures/b3_controllability_v2/seed_31001_nominal_weight_1.0_ledger.json,3036288,88ecd4d2276f530355ab5e2438043a8ca4c7a88976ca3159f46ac72b1da10f55
docs/figures/b3_controllability_v2/seed_31001_nominal_weight_1.5_ledger.json,3032798,4bb799bd591df5852c73b6aebf2ed956d9025e4a9182baac2a4da5e4ae771169
docs/figures/b3_controllability_v2/seed_31002_high_weight_0.5_ledger.json,2489812,5c6d28a7de092ddab80d8933ec045f175f19fe53a7851981ecc4e031e8b3f116
docs/figures/b3_controllability_v2/seed_31002_high_weight_1.0_ledger.json,2489459,5f16a6426893a6b0b5cbc5de88e2c36aed06a72779eb4e1582e8c5e377f6f64c
docs/figures/b3_controllability_v2/seed_31002_high_weight_1.5_ledger.json,2486644,732d1c99665be75a9365a4ceae13130779fd6d532470bf1a0e01e50c03255b14
docs/figures/b3_controllability_v2/seed_31002_low_weight_0.5_ledger.json,3023451,53a321c10ad6101dadcd844beb3924ef9a61fa8c82ad4649c6b2fa972e9180e1
docs/figures/b3_controllability_v2/seed_31002_low_weight_1.0_ledger.json,3023028,1f4b646679a5a0b5d5b84196089bcc50e7231da841f2979c6b962c38130a7690
docs/figures/b3_controllability_v2/seed_31002_low_weight_1.5_ledger.json,3019538,ca9cba4918b7a2f85c29bcc396b5aa82bc3b32b5ead64f86a62ca5c36970d4c6
docs/figures/b3_controllability_v2/seed_31002_nominal_background_only_ledger.json,170100,d9bdc15470ab8fd6cf7c3e34a60119be0e9504eeaf2eade4b09f90ccd731d2a2
docs/figures/b3_controllability_v2/seed_31002_nominal_bypass_off_ledger.json,2609689,7362162cfc2cc4662c81e95ec6bbfb87fc845ac886a3b1de24ff722bf29ca3a1
docs/figures/b3_controllability_v2/seed_31002_nominal_mbon05_output_off_ledger.json,2674858,315172b0a16c0d753a7361c0b6cd68c843d81f5e7145a1017c5896009153216c
docs/figures/b3_controllability_v2/seed_31002_nominal_selected_output_off_ledger.json,2671372,ffd51e14244f2d715c9dfaaf3ac58ded3d4d779a60ec1196084f09ef38a4233e
docs/figures/b3_controllability_v2/seed_31002_nominal_weight_0.5_ledger.json,2675236,d7087c39eb69b0f38c713edb6574be3df011d63fdfd68952319d93e6d24a3748
docs/figures/b3_controllability_v2/seed_31002_nominal_weight_1.0_ledger.json,2674858,315172b0a16c0d753a7361c0b6cd68c843d81f5e7145a1017c5896009153216c
docs/figures/b3_controllability_v2/seed_31002_nominal_weight_1.5_ledger.json,2671804,638b041a894be52dbbdd8478ec4bccd361bcb92397db0c8d667285df4e507b19
docs/figures/b3_controllability_v2/seed_31003_high_weight_0.5_ledger.json,2538809,9c47ee8c1248b035c669526fa7f4007e8d5a6018b17f53aadc6e0ffbe47bb6fd
docs/figures/b3_controllability_v2/seed_31003_high_weight_1.0_ledger.json,2538450,bb50ec94adc2699bb19cd032efbc0718e657db940dc4a090410bbc03ec5bab8e
docs/figures/b3_controllability_v2/seed_31003_high_weight_1.5_ledger.json,2535569,78b5c8f4f2f804ae5b64ff424aac1efed71defa7cdddb203f5fcdb8beb5ef49c
docs/figures/b3_controllability_v2/seed_31003_low_weight_0.5_ledger.json,3022776,5806a3542d90d6989ebb60d1c05a37d5903f10f40f92fa74d0411f7a61b6a77e
docs/figures/b3_controllability_v2/seed_31003_low_weight_1.0_ledger.json,3022353,fe2a3cfe1d7381041eaae5bc80b0583fb1193c85bbd35bdf3cc80ce25d5d6c80
docs/figures/b3_controllability_v2/seed_31003_low_weight_1.5_ledger.json,3018863,ac2cd2bbe6f7dc31f8b104f5e64b6a9a669bcaacb91e221289090f62e52a51a3
docs/figures/b3_controllability_v2/seed_31003_nominal_background_only_ledger.json,156689,8e088a8e3ee929d1a3bbf5ce8e46d8965a3abfcdffe8005ae9c48eec696bd150
docs/figures/b3_controllability_v2/seed_31003_nominal_bypass_off_ledger.json,2392205,70e29d24bb995e7595e666d8efdc0cbba77b93e65d8ce6e783de5863b57f5c8a
docs/figures/b3_controllability_v2/seed_31003_nominal_mbon05_output_off_ledger.json,2478558,54d8af98d2d3d14c8d0c142cf1bccb005f684ff38b8e8350147b2bcb3321b4c2
docs/figures/b3_controllability_v2/seed_31003_nominal_selected_output_off_ledger.json,2475164,4291c8f834cd9a43e36cd1d27aaa05b52dae1fba455bb4dfa647a635180e018a
docs/figures/b3_controllability_v2/seed_31003_nominal_weight_0.5_ledger.json,2478911,8f0fd3b4b5085d9006e0fc1d77d31e6cda8aca8247cc976f4a8ac717e7e23644
docs/figures/b3_controllability_v2/seed_31003_nominal_weight_1.0_ledger.json,2478558,54d8af98d2d3d14c8d0c142cf1bccb005f684ff38b8e8350147b2bcb3321b4c2
docs/figures/b3_controllability_v2/seed_31003_nominal_weight_1.5_ledger.json,2475743,088b34bc117c11ab3ce74600b7e7d2ce369617533b7af4663f73b9d5617f167e
docs/figures/b5_2_visual_input_boundary/parent_ledger.json,1891779,2d00cb8779fd1f5135de54dfb65ce561c74f4d8509ae659c7eb875c7c57ef72d
docs/figures/b5_5_visual_kc_transfer_decomposition/diagnostic_seed_31001.json.gz,554534,3e295e90acc60f73bf1aad0d1a2743f6153032ba56d2b5f9c36c420310e8cd51
docs/figures/b5_5_visual_kc_transfer_decomposition/diagnostic_seed_31002.json.gz,554534,b34a85ed89cbc445361846f08518f8cee7774d76859a7114b225faa85060f2ef
docs/figures/b5_5_visual_kc_transfer_decomposition/diagnostic_seed_31003.json.gz,554555,312dc89cb8ee70c8553148d343088d72808ffb5f3e881b743a25785c0007a932
docs/figures/b5_5_visual_kc_transfer_decomposition/observed_seed_31001.json.gz,196383,82ba8fcd5644ffeef117977cb9ec9a53ddab04990d8acb075b2bd389f0f2f40e
docs/figures/b5_5_visual_kc_transfer_decomposition/observed_seed_31002.json.gz,196410,52cb0d235f90d75085c12afcf9f4384a6ed29ba434dd608645bf5a62ef96659d
docs/figures/b5_5_visual_kc_transfer_decomposition/observed_seed_31003.json.gz,196393,c828b822074fca5496e3f63159f6acb495b8a56cc886b6ce4ed698ce2c274dce
docs/figures/b5_6_sensory_transfer_identifiability/evidence_ledger.json,7901,4a47d74a380521ea09ea9d6ea184f6422645763ebba66d411e8e56840eec7a8f
docs/figures/b6_1_pathway_comparison/budget_entry.json,1935,4459a848b22281b85feeca955deaf2f99823fccac5897365e7786d29660c5316
docs/figures/b6_1_pathway_comparison/malecns_identity_ledger.json,10437255,8799a002addd39543d017ca7e6e89becf2dcce51db3725806387a3f36a722c17
docs/figures/b6_candidate1_decision/budget_reconciliation.json,15347,775d649ae7a95ad9cdfdd23ed12a40835ab143ac809bb2dad30053b4ebad71b4
docs/figures/context_baseline_probe.json,6143953,fcd634d3bc94b3a67a2aaec5b645ebcc507e2657204b2f77ee5d8d76d6312f90
docs/figures/cue_300ms_complement_threshold/no_update_checkpoint.pkl,8289200,9891379a99ba7baa8c98c7f01f6eece65a0e86dc36c7c933f41650dc34c8e1c5
docs/figures/cue_300ms_complement_threshold/real_except_300ms_targets_97_105_checkpoint.pkl,8289200,fee417f49dbef9954e1fe200b8e3d068f97d3b6b44cb6884d116556fb0e91466
docs/figures/cue_300ms_complement_threshold/real_full_checkpoint.pkl,8289200,38cb8d3a23db7b4451f0808720ff3619d1167068cc91a69877161ae108135c36
docs/figures/cue_300ms_cooldown_mediation/result.json,2363871,86286f040b4c5963fc18f4461ea96685f8bdaee38740e805ded2727113e5849d
docs/figures/cue_300ms_necessity/no_update_checkpoint.pkl,8289200,291130f7874829e30d14292b2bf9b313f7daad243fb9f8ea1293c5c9f21ebb71
docs/figures/cue_300ms_necessity/pre_update_checkpoint.pkl,8289200,291130f7874829e30d14292b2bf9b313f7daad243fb9f8ea1293c5c9f21ebb71
docs/figures/cue_300ms_necessity/real_except_300ms_checkpoint.pkl,8289200,3ccd2221494f2fa54dde72700db7bc653ee149d9260067c7b82b5f513395e503
docs/figures/cue_300ms_necessity/real_full_checkpoint.pkl,8289200,0c42dcdbd794e1d27bd6374715e4814219829a5e3838c5bd0f462c95843e36ed
docs/figures/cue_300ms_necessity/result.json,2191385,b7d184737cd25da6b3a40d3130c6918ce4fb1266aa9af50930128bcd4df48f71
docs/figures/cue_300ms_saturation_contrast/372_no_update_checkpoint.pkl,8259458,0f8055b180e3a8d1d85a66493cbe383494da0f745276a61a1abd944f90ecb11d
docs/figures/cue_300ms_saturation_contrast/372_pre_update_checkpoint.pkl,8259458,0f8055b180e3a8d1d85a66493cbe383494da0f745276a61a1abd944f90ecb11d
docs/figures/cue_300ms_saturation_contrast/372_real_except_300ms_targets_97_105_checkpoint.pkl,8259458,6dcb33fa50c5f183210348cb1fd17a2c4ab362d888276b83c7302a47e688cfb4
docs/figures/cue_300ms_saturation_contrast/372_real_full_checkpoint.pkl,8259458,fe21711bbd8fb187ef0528eb88b1022666e81b0daec1a724d97d91f088474cb6
docs/figures/cue_300ms_saturation_contrast/377_no_update_checkpoint.pkl,8373324,ad1697b8e3a9859b00816a7f3f7f2e41f0f8812bc3f1992df9753c1859dc1bac
docs/figures/cue_300ms_saturation_contrast/377_pre_update_checkpoint.pkl,8373324,ad1697b8e3a9859b00816a7f3f7f2e41f0f8812bc3f1992df9753c1859dc1bac
docs/figures/cue_300ms_saturation_contrast/377_real_except_300ms_targets_97_105_checkpoint.pkl,8373324,5ec9af82be6efc230749672e3ae39ab1a932e33f17c133e3a97e6188a2c3d206
docs/figures/cue_300ms_saturation_contrast/377_real_full_checkpoint.pkl,8373324,09c0cadaaa69e8c7b93cb890b88bd8b1680eb91489ea10cd0aa60cf2c6403ba5
docs/figures/cue_300ms_saturation_contrast/result.json,3865714,e239e7099d98617eae17c0fc0a67e58ab2c0c50eb98d1e88b3bb790ff64611b9
docs/figures/cue_300ms_threshold_cohort/no_update_checkpoint.pkl,8289200,952ed20b1df11ae427356e831dbf14165ea52459d749542852a14f08f5c41515
docs/figures/cue_300ms_threshold_cohort/real_except_300ms_targets_94_96_checkpoint.pkl,8289200,462b8c103aacbc0620f62a8828481d070b0c97c6bd0e24c7b1e15c2b7525e03f
docs/figures/cue_300ms_threshold_cohort/real_full_checkpoint.pkl,8289200,6b430e1a93eb51b827c513aea0204ee4eaf82f1a4fbbdd677b7bac31088fcc99
docs/figures/electrical_v1_1_visual_boundary_validation/seed_31001.json.gz,841959,5a71735282628879ec880778b187de7c4aa5c9622ae669b9bcebfca0c365706a
docs/figures/electrical_v1_1_visual_boundary_validation/seed_31002.json.gz,840246,8865a4fc9e6d25ed208ed8412a6b71a132afefa1fa52cfcbcf8cc4e63cd6ec27
docs/figures/electrical_v1_1_visual_boundary_validation/seed_31003.json.gz,839135,7433a3894ff56322b4d3710fb34671091c3cf9d62b710c524420aa9227d41624
docs/figures/electrical_v1_feedforward_drive_adequacy/result.json,30045653,2d7f06d302685224e8f4e4696a44d322ccf0df9db63de884f6e4eb4c218051de
docs/figures/electrical_v1_neutral_gate/A_high_31001.json.gz,327850,800d2c85d76d453da579d580677da36973738bc2d2075a8e52ad3b4942280c7b
docs/figures/electrical_v1_neutral_gate/A_high_31002.json.gz,329389,5f3af70c07af837a150bde1f84305783f871dcd79de3edefd8caccaf09e64f38
docs/figures/electrical_v1_neutral_gate/A_high_31003.json.gz,327042,cf4f2429cf00e7b43740d3ce093c53ce25b906e23999d4d1f2fc79904c7edf8e
docs/figures/electrical_v1_neutral_gate/A_low_31001.json.gz,297579,77230a3fe30e4af75037473746a3d70879d58a861f05cf03bed8aef7244041c5
docs/figures/electrical_v1_neutral_gate/A_low_31002.json.gz,297508,79ba7528017a2a02a1a593e44a7325d19cb39a6539d35b17ef1c9f38a1330ada
docs/figures/electrical_v1_neutral_gate/A_low_31003.json.gz,297120,90fef4e52dc80957d18c58d5fd63c2af4f04c2bc9e131489e713bb165d3adf5c
docs/figures/electrical_v1_neutral_gate/A_nominal_31001.json.gz,363235,d2c34cef6ed5bdb178684f0ac7d312a67149c18649f3b4ae15301814fc8b6271
docs/figures/electrical_v1_neutral_gate/A_nominal_31002.json.gz,362850,deb814d58a4a2d87f7a703e16916100184fdd36b3ffa2d6165f13dc30f1873cc
docs/figures/electrical_v1_neutral_gate/A_nominal_31003.json.gz,361383,a2387c50e7314d1cd89f30b69dc576f9ee797d5a85ae2932e8b7063c530c6f8d
docs/figures/electrical_v1_neutral_gate/B_nominal_31001.json.gz,19962,fb095cabfb894119e43378f389c3bd79efb3bfa8669ff68668eed5ae767012db
docs/figures/electrical_v1_neutral_gate/B_nominal_31002.json.gz,19969,e83bc84fd10c8c83b471f184b87c7037efd5dc890c542101c7316ae3f836f97c
docs/figures/electrical_v1_neutral_gate/B_nominal_31003.json.gz,19969,6cad4dae0f0a3bc318403622d0b551ceb38d7cba060aeaeee575dad0bb4ec3a2
docs/figures/electrical_v1_neutral_gate/C_high_31001.json.gz,327845,b57f9a8eedb25df06b0f96bbee31fb7b9613ab4b8110218d2c9dbfc5d089dbe4
docs/figures/electrical_v1_neutral_gate/C_high_31002.json.gz,329392,f0449297ddfd0468f1a3e3ccd8548d32ffb50b72304da07da24244dd9b43a4eb
docs/figures/electrical_v1_neutral_gate/C_high_31003.json.gz,327042,1b6da1f33c540810b9cb1643e9e2ee50cb6a0c9984e5652e275a89fa3f20fefd
docs/figures/electrical_v1_neutral_gate/C_low_31001.json.gz,297579,2be9a35eee2a93de69489d42c7eb092c5c9695c120ab5e5a24c59640535df1d8
docs/figures/electrical_v1_neutral_gate/C_low_31002.json.gz,297503,f8f8eb3ee15a9b1dd1f893cf36f28f5a94186127ba4720078eeb2ef083c80222
docs/figures/electrical_v1_neutral_gate/C_low_31003.json.gz,297121,66f425bb3b84598198575477984c0206fa359c9b5777c76f55eb51602cc658ba
docs/figures/electrical_v1_neutral_gate/C_nominal_31001.json.gz,363237,9c39e2f1de97ae9abf3c7598288d9131cb9ecd5f4e32c4f16407ee3ada2a380c
docs/figures/electrical_v1_neutral_gate/C_nominal_31002.json.gz,362846,1426fe993bde9221f3692829fc2d8356ca677f85cc28749b68835290e12d4af2
docs/figures/electrical_v1_neutral_gate/C_nominal_31003.json.gz,361382,c8056f82746216512bac98ab482ce42ddcda6ba007e91be984f2fbcbfe2ec537
docs/figures/electrical_v1_neutral_gate/D_nominal_31001.json.gz,362541,4e65a764fee7c069495ba76d112080a60636ebfaefef1cbbba6ca1f310a192c9
docs/figures/electrical_v1_neutral_gate/D_nominal_31002.json.gz,361118,7d602cfe9852606e9ad7518fa9010bdc054a4b5878c1a9d7c89615b768b93cfc
docs/figures/electrical_v1_neutral_gate/D_nominal_31003.json.gz,362283,be48bdc46785b79e84aa99d7d0241715724583d6df9289050bd3c2d30aa486f8
docs/figures/electrical_v1_neutral_gate/R_A_nominal_31001_tick250.json.gz,369721,21ae6c65087d5064f6d2df0d6e46f0d41d741d154e4e5794079f7c1ebb8cd64a
docs/figures/electrical_v1_neutral_gate/R_A_nominal_31002_tick250.json.gz,369145,e21de4ab3f41af921cf487caeb1d0a509cd45294355d41d02cf47b524b43faf8
docs/figures/electrical_v1_neutral_gate/R_A_nominal_31003_tick250.json.gz,368090,c909da477fefa8f31293e49c86b5e33d22f32891221bad5abc6f1e5e95323535
docs/figures/electrical_v1_neutral_gate/boundary_31001.json.gz,21059,065601f78f39a71e3461313118646233e6a05804549dbc8015fcfc966a590e8e
docs/figures/electrical_v1_neutral_gate/boundary_31002.json.gz,21352,ed5c2ac7841194fc21e7f186e05a86e931440c91e0e3dc3fa9a1b869e0dd761b
docs/figures/electrical_v1_neutral_gate/boundary_31003.json.gz,20932,b78b8fc7273859f6469b8ef9e7a2dca20fe412837bb39eb5b78554465453e52a
docs/figures/electrical_v1_sensory_route_causality/seed_31001.json.gz,1386906,a775883d3615cced27264cd82808c2f1816ba4cc7782facddc48c78066b7365e
docs/figures/electrical_v1_sensory_route_causality/seed_31002.json.gz,1384679,aa034e008c1cda5142edf09ed76d4f65b7ff8ca252b4d9b73d913aff37fff4ae
docs/figures/electrical_v1_sensory_route_causality/seed_31003.json.gz,1382924,4e6015f863a966832f72ac828a9589f7f6cad84593902f3cae0011ef0c59ee59
docs/figures/exploration_map_diagnostic/runs.jsonl,2399293,752eeb4041f98457e24b494781f4aca941344913f8bb46db82fe89d6776d1d49
docs/figures/heldout_first_action_audit/runs.jsonl,1204617,15895ab4ad350dc3f46f4698ee7e2c180f4398ad420fa7d00d6e3b0d2ab0ebc0
docs/figures/long_continuation/runs.jsonl,11048956,0e12194eee2e2b5c3549901b3813b582a4b79f32a08017f55415a9ed6fdbce75
docs/figures/null_press_action_cost_development/runs.jsonl,1376742,3d0913e3028e5a1acce91f182a5d16b891c0e117b34a310a15e9d03b44afd4f4
docs/figures/null_press_trace_boundary_development/runs.jsonl,1070010,0826b8eb6f75671fb0ae90228fc4e3fdef8a3a9f964337a80776e6a374176574
docs/figures/overnight_synthetic/meta.json,895,a3d43cd6693e32f28e29dea64787e33735c320a02e8fe7c49d58a99895cbadcb
docs/figures/overnight_synthetic/runs.jsonl,2011632,ebc77cad00dc31cc01af66d5892f1bdc61490084d5232ef4ed1e120fdc14cdc1
docs/figures/overnight_synthetic/stderr.log,0,e3b0c44298fc1c149afbf4c8996fb92427ae41e4649b934ca495991b7852b855
docs/figures/overnight_synthetic/stdout.log,5609,025299a3664b20cd194522ccef7bcb045f9f64d588b4add39dc5d8b8d11d0f83
docs/figures/quiet_rearm_readout_development/runs.jsonl,1230294,9c2eae4e9231bf0ed732348eda9cf4cf2676de516dda40289157d4d032d81c9e
docs/figures/successive_update_interference/runs.jsonl,2555106,a24b74d59cd67d47b5383c4cd0c3962586e1b4b3ec26ca9346dfe2bc1f79abf3
docs/figures/update_direction_magnitude_diagnostic/runs.jsonl,804804,552cb85b25445b00c79b2fe3c0f6833c85b7fa7d9112cf30026bec251ef56d1f
docs/figures/weight_rollback_diagnostic/runner.stderr.log,0,e3b0c44298fc1c149afbf4c8996fb92427ae41e4649b934ca495991b7852b855
docs/figures/weight_rollback_diagnostic/runner.stdout.log,1016,9a7c6e235ec2a50fc4fe8c86036e415fc06f561e03d25e6cbaa9b0c9d67e699d
docs/figures/weight_rollback_diagnostic/runs.jsonl,575167,cab2b2fc807edc8f63219969c9707cb960c8ee7fd25484ebfd1681c4e6d2b28d
